ISIN,Ticker
INF209K01VA3,ADIT_BSL_LIQU_1UQ3S7
INF209KB1O82,ADIT_BSL_PSU_10JHJEX
INF754K01GM4,EDEL_LIQU_DIR_OJUFLT
INF109K013N3,ICIC_PRU_SHOR_1II1866
INF194K012A8,BAND_NIFT_50_1Y4SPBO
INF192K01BQ9,JM_AGGR_HYBR_LB5BGF
INF174K01JZ1,KOTA_DEBT_HYBR_2BY43F
INF959L01GR6,NAVI_ELSS_TAX_146OV6D
INF204K01E54,NIPP_INDI_GROW_CEYFMY
INF966L01986,QUAN_ELSS_TAX_KBGFAS
INF966L01689,QUAN_SMAL_CAP_1B5O3CE
INF966L01556,QUAN_ABSO_DIR_RGF201
INF966L01648,QUAN_LARG_AND_11NYPPT
INF846K01U09,AXIS_ALL_SEAS_19WSVMZ
INF209K01XA9,ADIT_BSL_MEDI_1579EY4
INF209K01XK8,ADIT_BSL_SHOR_13YUUPD
INF846K01DS2,AXIS_GOLD_DIR_1U5AB87
INF846K01CX4,AXIS_LIQU_DIR_1LRVHN
INF179K01WM1,HDFC_NIFT_50_10DMA9R
INF247L01445,MOTI_OSWA_MIDC_1E5B8T2
INF966L01820,QUAN_LIQU_DIR_A3L2WA
INF277K017Q3,TATA_ARBI_DIR_18P1ZST
INF204K01K15,NIPP_INDI_SMAL_A3DVE4
INF879O01027,PARA_PARI_FLEX_17J17OL
